{
    "Dev": {
        "dbConfig": {
            "server": "10.2.1.35",
            "database": "Galaxy_Development",
            "user": "rread",
            "password": "galaxy",
            //"port": 1433,
            "requestTimeout": 60000,
            "connectionTimeout": 60000,
            "pool": {
                "max": 10,
                "min": 0,
                "idleTimeoutMillis": 30000
            }
            /*
            "options": {
                "encrypt": true,
                "abortTransactionOnError": true
            }
            */
        }
    },
    "Sny5": {
        "dbConfig": {
            "server": "10.2.1.35",
            "database": "Galaxy_Development",
            "user": "rread",
            "password": "galaxy",
            "port": 1433,
            "requestTimeout": 60000,
            "connectionTimeout": 60000,
            "options": {
                "abortTransactionOnError": true // <-- SET XACT_ABORT ON
            },
            "pool": {
                "max": 10,
                "min": 0,
                "idleTimeoutMillis": 30000
            }
        }
    },
    "Prod": {
        "dbConfig": {
            "server": "10.2.1.35",
            "database": "Galaxy_Development",
            "user": "rread",
            "password": "galaxy",
            "port": 1433,
            "requestTimeout": 60000,
            "connectionTimeout": 60000,
            "options": {
                "abortTransactionOnError": true // <-- SET XACT_ABORT ON
            },
            "pool": {
                "max": 10,
                "min": 0,
                "idleTimeoutMillis": 30000
            }
        }
    }

}